[
  {"id": 10102, "lat": 47.56038, "lon": -52.71147, "tz":-3.5},
  {"id": 10401, "lat": 47.50513, "lon": -52.79476, "tz":-3.5},
  {"id": 10501, "lat": 48.92696, "lon": -55.65966, "tz":-3.5},
  {"id": 10601, "lat": 53.306, "lon": -60.36314, "tz":-4},
  {"id": 10602, "lat": 48.95224, "lon": -57.92207, "tz":-3.5},
  {"id": 10801, "lat": 50.7123, "lon": -57.36421, "tz":-3.5},
  {"id": 10901, "lat": 47.09899, "lon": -55.19852, "tz":-3.5},
  {"id": 11002, "lat": 52.945487, "lon": -66.910306, "tz":-4},
  {"id": 20104, "lat": 46.233, "lon": -63.13667, "tz":-4},
  {"id": 20301, "lat": 46.47843, "lon": -63.98763, "tz":-4},
  {"id": 20401, "lat": 46.38635, "lon": -62.58272, "tz":-4},
  {"id": 30113, "lat": 44.64711, "lon": -63.57366, "tz":-4},
  {"id": 30120, "lat": 44.7198, "lon": -63.48076, "tz":-4},
  {"id": 30201, "lat": 45.6141612, "lon": -61.3623563, "tz":-4},
  {"id": 30310, "lat": 46.14222, "lon": -60.17252, "tz":-4},
  {"id": 30502, "lat": 44.43244, "lon": -65.20264, "tz":-4},
  {"id": 30701, "lat": 45.07254, "lon": -64.84025, "tz":-4},
  {"id": 30901, "lat": 45.681744, "lon": -62.696575, "tz":-4},
  {"id": 31101, "lat": 45.067284, "lon": -64.477425, "tz":-4},
  {"id": 40104, "lat": 45.957289, "lon": -66.645236, "tz":-4},
  {"id": 40203, "lat": 45.308762, "lon": -66.008384, "tz":-4},
  {"id": 40207, "lat": 45.252898, "lon": -66.080065, "tz":-4},
  {"id": 40208, "lat": 45.291218, "lon": -66.00305, "tz":-4},
  {"id": 40209, "lat": 45.28028, "lon": -66.05611, "tz":-4},
  {"id": 40302, "lat": 46.101578, "lon": -64.789661, "tz":-4},
  {"id": 40901, "lat": 45.086912, "lon": -67.074036, "tz":-4},
  {"id": 41302, "lat": 47.609693, "lon": -65.633509, "tz":-4},
  {"id": 41501, "lat": 47.363195, "lon": -68.322302, "tz":-4},
  {"id": 41601, "lat": 47.025671, "lon": -65.520487, "tz":-4},
  {"id": 50103, "lat": 45.641026, "lon": -73.499682, "tz":-5},
  {"id": 50109, "lat": 45.502648, "lon": -73.663913, "tz":-5},
  {"id": 50113, "lat": 45.547463, "lon": -73.7483166, "tz":-5},
  {"id": 50119, "lat": 45.52207, "lon": -73.4881, "tz":-5},
  {"id": 50122, "lat": 45.448663, "lon": -73.480819, "tz":-5},
  {"id": 50124, "lat": 45.602846, "lon": -73.558874, "tz":-5},
  {"id": 50126, "lat": 45.426542, "lon": -73.928929, "tz":-5},
  {"id": 50128, "lat": 45.468322, "lon": -73.741198, "tz":-5},
  {"id": 50129, "lat": 45.651691, "lon": -73.573825, "tz":-5},
  {"id": 50131, "lat": 45.539928, "lon": -73.540388, "tz":-5},
  {"id": 50134, "lat": 45.54271, "lon": -73.57176, "tz":-5},
  {"id": 50135, "lat": 45.5934, "lon": -73.63726, "tz":-5},
  {"id": 50136, "lat": 45.512189, "lon": -73.566842, "tz":-5},
  {"id": 50137, "lat": 45.70476, "lon": -73.65776, "tz":-5},
  {"id": 50138, "lat": 45.464611, "lon": -73.582583, "tz":-5},
  {"id": 50204, "lat": 45.435987, "lon": -75.723429, "tz":-5},
  {"id": 50308, "lat": 46.821177, "lon": -71.220495, "tz":-5},
  {"id": 50310, "lat": 46.794873, "lon": -71.246387, "tz":-5},
  {"id": 50311, "lat": 46.774167, "lon": -71.369722, "tz":-5},
  {"id": 50313, "lat": 46.781321, "lon": -71.308717, "tz":-5},
  {"id": 50314, "lat": 46.861472, "lon": -71.257192, "tz":-5},
  {"id": 50405, "lat": 45.414361, "lon": -71.882694, "tz":-5},
  {"id": 50504, "lat": 48.416374, "lon": -71.052412, "tz":-5},
  {"id": 50604, "lat": 48.234087, "lon": -78.982778, "tz":-5},
  {"id": 50803, "lat": 46.357175, "lon": -72.546187, "tz":-5},
  {"id": 50902, "lat": 48.43389, "lon": -71.18454, "tz":-5},
  {"id": 51111, "lat": 45.871345, "lon": -72.50309, "tz":-5},
  {"id": 51201, "lat": 46.55444, "lon": -72.73556, "tz":-5},
  {"id": 51501, "lat": 46.04223333, "lon": -72.65976111, "tz":-5},
  {"id": 52001, "lat": 46.4416, "lon": -72.89241, "tz":-5},
  {"id": 52301, "lat": 46.035, "lon": -74.48083, "tz":-5},
  {"id": 52401, "lat": 45.622378, "lon": -76.018046, "tz":-5},
  {"id": 52801, "lat": 47.73333, "lon": -68.70722, "tz":-5},
  {"id": 53201, "lat": 48.80972, "lon": -72.73889, "tz":-5},
  {"id": 53301, "lat": 46.682373, "lon": -71.965903, "tz":-5},
  {"id": 53601, "lat": 46.84889, "lon": -70.45418, "tz":-5},
  {"id": 53701, "lat": 45.82486111, "lon": -70.856025, "tz":-5},
  {"id": 53801, "lat": 45.905785, "lon": -71.948695, "tz":-5},
  {"id": 54201, "lat": 49.822282, "lon": -74.9764, "tz":-5},
  {"id": 54401, "lat": 45.120624, "lon": -74.2896, "tz":-5},
  {"id": 54901, "lat": 45.37333, "lon": -71.250167, "tz":-5},
  {"id": 55001, "lat": 46.76866, "lon": -75.432728, "tz":-5},
  {"id": 55101, "lat": 48.431648, "lon": -77.196674, "tz":-5},
  {"id": 55301, "lat": 45.29413, "lon": -73.34857, "tz":-5},
  {"id": 55502, "lat": 45.05006, "lon": -72.86161, "tz":-5},
  {"id": 55702, "lat": 46.806029, "lon": -71.167506, "tz":-5},
  {"id": 55801, "lat": 45.418639, "lon": -72.730667, "tz":-5},
  {"id": 60104, "lat": 45.43433, "lon": -75.676, "tz":-5},
  {"id": 60204, "lat": 42.315778, "lon": -83.043667, "tz":-5},
  {"id": 60211, "lat": 42.292889, "lon": -83.073139, "tz":-5},
  {"id": 60304, "lat": 44.21987, "lon": -76.52113, "tz":-5},
  {"id": 60410, "lat": 43.74792, "lon": -79.27406, "tz":-5},
  {"id": 60430, "lat": 43.709444, "lon": -79.5435, "tz":-5},
  {"id": 60434, "lat": 43.54697, "lon": -79.65869, "tz":-5},
  {"id": 60435, "lat": 43.610761, "lon": -79.52194, "tz":-5},
  {"id": 60438, "lat": 43.71110556, "lon": -79.543425, "tz":-5},
  {"id": 60440, "lat": 43.78042, "lon": -79.46752, "tz":-5},
  {"id": 60445, "lat": 43.64543, "lon": -79.38908, "tz":-5},
  {"id": 60450, "lat": 43.669567, "lon": -79.76567, "tz":-5},
  {"id": 60512, "lat": 43.25778, "lon": -79.86167, "tz":-5},
  {"id": 60515, "lat": 43.25744, "lon": -79.90775, "tz":-5},
  {"id": 60521, "lat": 43.24132, "lon": -79.88941, "tz":-5},
  {"id": 60610, "lat": 46.49194, "lon": -81.00311, "tz":-5},
  {"id": 60709, "lat": 46.53319, "lon": -84.30992, "tz":-5},
  {"id": 60809, "lat": 48.37939, "lon": -89.29017, "tz":-5},
  {"id": 60904, "lat": 42.97446, "lon": -81.20086, "tz":-5},
  {"id": 61007, "lat": 42.912545, "lon": -82.416816, "tz":-5},
  {"id": 61009, "lat": 42.990263, "lon": -82.395341, "tz":-5},
  {"id": 61104, "lat": 44.30183333, "lon": -78.34638611, "tz":-5},
  {"id": 61201, "lat": 45.0179806, "lon": -74.7353139, "tz":-5},
  {"id": 61302, "lat": 43.16006, "lon": -79.23475, "tz":-5},
  {"id": 61402, "lat": 43.13861, "lon": -80.29264, "tz":-5},
  {"id": 61502, "lat": 43.44383, "lon": -80.50381, "tz":-5},
  {"id": 61603, "lat": 43.48692, "lon": -79.70228, "tz":-5},
  {"id": 61703, "lat": 43.95222, "lon": -78.9125, "tz":-5},
  {"id": 61802, "lat": 43.55163611, "lon": -80.26415556, "tz":-5},
  {"id": 62001, "lat": 46.32323, "lon": -79.44928, "tz":-5},
  {"id": 62501, "lat": 44.31447, "lon": -81.54972, "tz":-5},
  {"id": 62601, "lat": 42.85685, "lon": -80.26964, "tz":-5},
  {"id": 63001, "lat": 43.314575, "lon": -79.80275556, "tz":-5},
  {"id": 63301, "lat": 45.224278, "lon": -78.932944, "tz":-5},
  {"id": 63601, "lat": 42.88333, "lon": -81.48333, "tz":-5},
  {"id": 63701, "lat": 43.33318611, "lon": -81.74282222, "tz":-5},
  {"id": 64001, "lat": 49.66389, "lon": -93.72111, "tz":-6},
  {"id": 64102, "lat": 46.765945, "lon": -84.033624, "tz":-5},
  {"id": 64401, "lat": 44.23106, "lon": -79.7831, "tz":-5},
  {"id": 65001, "lat": 44.38231389, "lon": -79.70243056, "tz":-5},
  {"id": 65101, "lat": 44.04431, "lon": -79.48325, "tz":-5},
  {"id": 65201, "lat": 45.33786, "lon": -80.03817, "tz":-5},
  {"id": 65301, "lat": 42.67208, "lon": -81.16289, "tz":-5},
  {"id": 65401, "lat": 44.15053, "lon": -77.3955, "tz":-5},
  {"id": 65801, "lat": 42.40369, "lon": -82.20831, "tz":-5},
  {"id": 65901, "lat": 51.44814, "lon": -90.21786, "tz":-6},
  {"id": 66101, "lat": 49.386389, "lon": -82.121389, "tz":-5},
  {"id": 67001, "lat": 43.52965, "lon": -79.862449, "tz":-5},
  {"id": 70118, "lat": 49.93207, "lon": -97.11317, "tz":-6},
  {"id": 70119, "lat": 49.89799, "lon": -97.14653, "tz":-6},
  {"id": 70203, "lat": 49.83918, "lon": -99.9206, "tz":-6},
  {"id": 70301, "lat": 54.76852, "lon": -101.87747, "tz":-6},
  {"id": 80111, "lat": 50.4527, "lon": -104.616, "tz":-6},
  {"id": 80211, "lat": 52.13613, "lon": -106.66293, "tz":-6},
  {"id": 80402, "lat": 53.201694, "lon": -105.75203, "tz":-6},
  {"id": 80502, "lat": 49.13235, "lon": -102.98499, "tz":-6},
  {"id": 80901, "lat": 50.20081, "lon": -104.71072, "tz":-6},
  {"id": 81001, "lat": 50.285833, "lon": -107.81689, "tz":-6},
  {"id": 82001, "lat": 55.50333, "lon": -106.72167, "tz":-6},
  {"id": 82002, "lat": 55.834566, "lon": -108.403332, "tz":-6},
  {"id": 82101, "lat": 54.29489, "lon": -109.20947, "tz":-6},
  {"id": 90121, "lat": 53.54823, "lon": -113.36811, "tz":-7},
  {"id": 90132, "lat": 53.486, "lon": -113.4646, "tz":-7},
  {"id": 90133, "lat": 53.564411, "lon": -113.562583, "tz":-7},
  {"id": 90134, "lat": 53.532092, "lon": -113.320983, "tz":-7},
  {"id": 90135, "lat": 53.554691, "lon": -113.144905, "tz":-7},
  {"id": 90136, "lat": 53.626908, "lon": -113.611883, "tz":-7},
  {"id": 90140, "lat": 53.5495, "lon": -113.4859, "tz":-7},
  {"id": 90141, "lat": 53.4978, "lon": -113.527, "tz":-7},
  {"id": 90229, "lat": 50.955122, "lon": -113.969742, "tz":-7},
  {"id": 90230, "lat": 51.0309, "lon": -114.0091, "tz":-7},
  {"id": 90235, "lat": 51.082655, "lon": -114.138827, "tz":-7},
  {"id": 90250, "lat": 51.26807778, "lon": -114.0377944, "tz":-7},
  {"id": 90302, "lat": 52.29867, "lon": -113.79352, "tz":-7},
  {"id": 90304, "lat": 52.24095, "lon": -113.765439, "tz":-7},
  {"id": 90402, "lat": 50.04893, "lon": -110.68116, "tz":-7},
  {"id": 90502, "lat": 49.71621, "lon": -112.8006, "tz":-7},
  {"id": 90601, "lat": 53.69874, "lon": -113.22285, "tz":-7},
  {"id": 90602, "lat": 53.75236, "lon": -113.12589, "tz":-7},
  {"id": 90603, "lat": 53.71622, "lon": -113.19994, "tz":-7},
  {"id": 90607, "lat": 53.827241, "lon": -113.327174, "tz":-7},
  {"id": 90608, "lat": 53.95183, "lon": -113.105857, "tz":-7},
  {"id": 90609, "lat": 53.805629, "lon": -112.925851, "tz":-7},
  {"id": 90701, "lat": 56.73341, "lon": -111.39047, "tz":-7},
  {"id": 90702, "lat": 56.75139, "lon": -111.47662, "tz":-7},
  {"id": 90801, "lat": 57.18941, "lon": -111.6405, "tz":-7},
  {"id": 90802, "lat": 57.02681, "lon": -111.5007, "tz":-7},
  {"id": 90805, "lat": 56.99647, "lon": -111.59295, "tz":-7},
  {"id": 90806, "lat": 57.1492, "lon": -111.6424, "tz":-7},
  {"id": 90807, "lat": 57.26176, "lon": -111.037, "tz":-7},
  {"id": 90808, "lat": 55.621408, "lon": -111.17269, "tz":-7},
  {"id": 90809, "lat": 55.632331, "lon": -111.078872, "tz":-7},
  {"id": 91101, "lat": 53.68238, "lon": -112.86812, "tz":-7},
  {"id": 91501, "lat": 55.19634, "lon": -119.39682, "tz":-7},
  {"id": 91601, "lat": 53.621062, "lon": -115.869155, "tz":-7},
  {"id": 91701, "lat": 53.1325, "lon": -117.09111, "tz":-7},
  {"id": 91801, "lat": 58.70879, "lon": -111.17683, "tz":-7},
  {"id": 91901, "lat": 51.94687, "lon": -114.69744, "tz":-7},
  {"id": 92001, "lat": 55.1766, "lon": -118.8078, "tz":-7},
  {"id": 92202, "lat": 53.75733, "lon": -112.778, "tz":-7},
  {"id": 92601, "lat": 53.0903, "lon": -114.46061, "tz":-7},
  {"id": 92801, "lat": 53.220024, "lon": -114.984207, "tz":-7},
  {"id": 92901, "lat": 53.593771, "lon": -116.395822, "tz":-7},
  {"id": 93005, "lat": 55.10224, "lon": -118.77256, "tz":-7},
  {"id": 93101, "lat": 53.3016, "lon": -114.2211, "tz":-7},
  {"id": 93202, "lat": 53.427301, "lon": -117.544067, "tz":-7},
  {"id": 93205, "lat": 53.392757, "lon": -117.584645, "tz":-7},
  {"id": 93801, "lat": 53.53, "lon": -114.6361, "tz":-7},
  {"id": 93901, "lat": 53.633, "lon": -114.4199, "tz":-7},
  {"id": 94001, "lat": 55.402658, "lon": -118.280945, "tz":-7},
  {"id": 94202, "lat": 53.4243, "lon": -114.3749, "tz":-7},
  {"id": 94301, "lat": 54.41401389, "lon": -110.2329389, "tz":-7},
  {"id": 94401, "lat": 54.2165, "lon": -111.5026, "tz":-7},
  {"id": 94500, "lat": 55.34625, "lon": -115.89975, "tz":-7},
  {"id": 94601, "lat": 56.44928, "lon": -111.03722, "tz":-7},
  {"id": 100103, "lat": 49.227045, "lon": -122.894487, "tz":-8},
  {"id": 100110, "lat": 49.279214, "lon": -122.970707, "tz":-8},
  {"id": 100111, "lat": 49.280893, "lon": -122.849291, "tz":-8},
  {"id": 100112, "lat": 49.282272, "lon": -123.12188, "tz":-8},
  {"id": 100119, "lat": 49.21519, "lon": -122.985666, "tz":-8},
  {"id": 100121, "lat": 49.301472, "lon": -123.020417, "tz":-8},
  {"id": 100125, "lat": 49.158348, "lon": -122.90173, "tz":-8},
  {"id": 100126, "lat": 49.279809, "lon": -122.922267, "tz":-8},
  {"id": 100127, "lat": 49.132928, "lon": -122.694224, "tz":-8},
  {"id": 100128, "lat": 49.141437, "lon": -123.108215, "tz":-8},
  {"id": 100132, "lat": 49.323994, "lon": -123.083496, "tz":-8},
  {"id": 100133, "lat": 49.266702, "lon": -122.935471, "tz":-8},
  {"id": 100134, "lat": 49.186265, "lon": -123.152422, "tz":-8},
  {"id": 100135, "lat": 49.288265, "lon": -122.79157, "tz":-8},
  {"id": 100136, "lat": 49.287869, "lon": -122.98563, "tz":-8},
  {"id": 100137, "lat": 49.287483, "lon": -123.007975, "tz":-8},
  {"id": 100138, "lat": 49.36861, "lon": -123.276741, "tz":-8},
  {"id": 100140, "lat": 49.009877, "lon": -123.081997, "tz":-8},
  {"id": 100141, "lat": 49.260267, "lon": -123.077776, "tz":-8},
  {"id": 100143, "lat": 49.238008, "lon": -121.762264, "tz":-8},
  {"id": 100144, "lat": 49.28229, "lon": -123.05761, "tz":-8},
  {"id": 100202, "lat": 53.91472, "lon": -122.74194, "tz":-8},
  {"id": 100210, "lat": 53.90333, "lon": -122.70361, "tz":-8},
  {"id": 100211, "lat": 53.90800833, "lon": -122.7133444, "tz":-8},
  {"id": 100212, "lat": 53.8416, "lon": -122.7344, "tz":-8},
  {"id": 100304, "lat": 48.441942, "lon": -123.363165, "tz":-8},
  {"id": 100308, "lat": 48.42369, "lon": -123.49432, "tz":-8},
  {"id": 100401, "lat": 50.67477, "lon": -120.334016, "tz":-8},
  {"id": 100703, "lat": 49.862119, "lon": -119.467461, "tz":-8},
  {"id": 101003, "lat": 49.042579, "lon": -122.309821, "tz":-8},
  {"id": 101005, "lat": 49.021554, "lon": -122.326523, "tz":-8},
  {"id": 101101, "lat": 49.155848, "lon": -121.940279, "tz":-8},
  {"id": 101202, "lat": 49.245233, "lon": -122.70889, "tz":-8},
  {"id": 101301, "lat": 49.095613, "lon": -122.567104, "tz":-8},
  {"id": 101401, "lat": 49.369887, "lon": -121.499122, "tz":-8},
  {"id": 101501, "lat": 49.214939, "lon": -122.582057, "tz":-8},
  {"id": 101603, "lat": 49.70516, "lon": -123.15133, "tz":-8},
  {"id": 101706, "lat": 52.96936, "lon": -122.4934, "tz":-8},
  {"id": 101904, "lat": 49.302582, "lon": -115.451314, "tz":-7},
  {"id": 102102, "lat": 49.20083, "lon": -123.99389, "tz":-8},
  {"id": 102103, "lat": 49.11301111, "lon": -123.8489972, "tz":-8},
  {"id": 102201, "lat": 49.096218, "lon": -117.697828, "tz":-8},
  {"id": 102210, "lat": 49.046405, "lon": -117.60711, "tz":-8},
  {"id": 102220, "lat": 49.0952, "lon": -117.7469, "tz":-8},
  {"id": 102225, "lat": 49.09729, "lon": -117.74366, "tz":-8},
  {"id": 102230, "lat": 49.157855, "lon": -117.73312, "tz":-8},
  {"id": 102303, "lat": 49.889299, "lon": -124.5624, "tz":-8},
  {"id": 102402, "lat": 54.7785, "lon": -127.168542, "tz":-8},
  {"id": 102503, "lat": 54.52167, "lon": -128.6075, "tz":-8},
  {"id": 102602, "lat": 49.261014, "lon": -124.806628, "tz":-8},
  {"id": 102701, "lat": 52.14428, "lon": -122.150391, "tz":-8},
  {"id": 102801, "lat": 50.018425, "lon": -125.24844, "tz":-8},
  {"id": 103202, "lat": 51.29749722, "lon": -116.9668528, "tz":-7},
  {"id": 103502, "lat": 49.317698, "lon": -117.661527, "tz":-8},
  {"id": 103602, "lat": 49.14149, "lon": -122.311078, "tz":-8},
  {"id": 103702, "lat": 55.57453056, "lon": -121.9212472, "tz":-7},
  {"id": 103704, "lat": 55.6056, "lon": -121.9722, "tz":-7},
  {"id": 103901, "lat": 54.05389, "lon": -128.671436, "tz":-8},
  {"id": 103902, "lat": 54.029194, "lon": -128.70269, "tz":-8},
  {"id": 103904, "lat": 54.066909, "lon": -128.639131, "tz":-8},
  {"id": 103905, "lat": 53.973228, "lon": -128.650768, "tz":-8},
  {"id": 104003, "lat": 50.260617, "lon": -119.270723, "tz":-8},
  {"id": 104101, "lat": 49.031168, "lon": -118.439088, "tz":-8},
  {"id": 104301, "lat": 56.150186, "lon": -120.686985, "tz":-7},
  {"id": 104302, "lat": 56.105871, "lon": -120.662779, "tz":-7},
  {"id": 104303, "lat": 55.7919, "lon": -120.4836, "tz":-7},
  {"id": 104304, "lat": 55.913779, "lon": -120.533749, "tz":-7},
  {"id": 104801, "lat": 48.80255, "lon": -123.646402, "tz":-8},
  {"id": 104804, "lat": 48.786114, "lon": -123.717307, "tz":-8},
  {"id": 105001, "lat": 50.144285, "lon": -122.960402, "tz":-8},
  {"id": 105101, "lat": 54.398594, "lon": -126.646833, "tz":-8},
  {"id": 105201, "lat": 54.230731, "lon": -125.764354, "tz":-8},
  {"id": 105301, "lat": 49.438848, "lon": -123.479185, "tz":-8},
  {"id": 105504, "lat": 56.24473, "lon": -120.8561, "tz":-7},
  {"id": 106101, "lat": 52.832459, "lon": -119.269821, "tz":-8},
  {"id": 106701, "lat": 48.874529, "lon": -123.653929, "tz":-8},
  {"id": 106705, "lat": 48.86, "lon": -123.64389, "tz":-8},
  {"id": 106900, "lat": 54.016516, "lon": -124.005856, "tz":-8},
  {"id": 107100, "lat": 49.682603, "lon": -124.996222, "tz":-8},
  {"id": 119004, "lat": 60.71972, "lon": -135.05875, "tz":-8},
  {"id": 129003, "lat": 62.45207, "lon": -114.364, "tz":-7},
  {"id": 129102, "lat": 65.27926, "lon": -126.813057, "tz":-7},
  {"id": 129203, "lat": 68.35702037, "lon": -133.7140565, "tz":-7},
  {"id": 129303, "lat": 63.751619, "lon": -68.522433, "tz":-5},
  {"id": 129401, "lat": 82.45083, "lon": -62.5056, "tz":-5},
  {"id": 129501, "lat": 63.50825, "lon": -116.00867, "tz":-7},
  {"id": 129601, "lat": 60.00455, "lon": -111.893241, "tz":-7},
  {"id": 129602, "lat": 60.1465, "lon": -113.63769, "tz":-7},
  {"id": 129701, "lat": 61.8628, "lon": -121.353, "tz":	-7}
]